County,Municipality,Municipality Code,Acres,Square Miles,Population as of 2020,"Density 
(people per sq mile)",Residential Density (Housing Units / Sq Mile),,"Initial data taken from https://njogis-newjersey.opendata.arcgis.com/datasets/municipal-boundaries-of-nj-hosted-3424/explore?location=40.109316%2C-74.749749%2C0.00 and housing data taken from https://www.sustainablejersey.com/fileadmin/media/resources/Data_Center/Community_Profile_Data_by_Municipality_3.12.25.xlsx 

**Note that the acreage/sq miles also includes undeveloped land, so people/sq. mile doesn't represent an density well.  Residential density (housing units / sq. mile) likely better.                               "
SUSSEX,Walpack Township,1923,"15,944.76",24.91,7.00,0.28,0,,
WARREN,Washington Township,2122,"11,554.22",18.05,"6,492.00",359.60,3,,
BURLINGTON,Bass River Township,301,"50,140.31",78.34,"1,355.00",17.30,5,,
BURLINGTON,Woodland Township,339,"60,438.82",94.44,"1,544.00",16.35,5,,
CUMBERLAND,Maurice River Township,609,"60,910.99",95.17,"6,218.00",65.33,13,,
ATLANTIC,Estell Manor,109,"35,319.56",55.19,"1,668.00",30.22,13,,
WARREN,Hardwick Township,2109,"24,937.36",38.96,"1,598.00",41.01,15,,
SALEM,Mannington Township,1706,"24,225.91",37.85,"1,475.00",38.97,16,,
SALEM,Lower Alloways Creek Township,1705,"30,679.94",47.94,"1,717.00",35.82,16,,
CAMDEN,Tavistock Borough,433,176.41,0.28,9.00,32.65,17,,
CUMBERLAND,Downe Township,604,"34,050.44",53.20,"1,399.00",26.30,20,,
SUSSEX,Sandyston Township,1917,"26,925.88",42.07,"1,977.00",46.99,22,,
SALEM,Upper Pittsgrove Township,1714,"25,846.40",40.39,"3,432.00",84.98,32,,
BERGEN,Teterboro Borough,262,714.53,1.12,61.00,54.64,32,,
ATLANTIC,Corbin City,106,"5,742.15",8.97,471.00,52.50,33,,
BURLINGTON,New Hanover Township,325,"14,447.85",22.57,"6,367.00",282.04,33,,
CUMBERLAND,Stow Creek Township,612,"12,073.35",18.86,"1,312.00",69.55,33,,
CUMBERLAND,Lawrence Township,608,"24,529.12",38.33,"3,087.00",80.54,34,,
SALEM,Oldmans Township,1707,"12,814.35",20.02,"1,910.00",95.39,35,,
WARREN,Frelinghuysen Township,2106,"15,274.76",23.87,"2,199.00",92.14,35,,
SALEM,Elsinboro Township,1704,"8,416.78",13.15,"1,001.00",76.11,37,,
CUMBERLAND,Greenwich Township,606,"11,861.92",18.53,771.00,41.60,38,,
SUSSEX,Montague Township,1914,"29,840.01",46.63,"3,792.00",81.33,38,,
BURLINGTON,Medford Lakes Borough,321,811.59,1.27,"4,264.00","3,362.50",39,,
SALEM,Alloway Township,1701,"21,702.74",33.91,"3,283.00",96.81,40,,
ATLANTIC,Mullica Township,117,"36,372.12",56.83,"5,816.00",102.34,40,,
BURLINGTON,Springfield Township,334,"18,920.18",29.56,"3,245.00",109.77,43,,
WARREN,Harmony Township,2110,"15,414.46",24.09,"2,503.00",103.92,44,,
CUMBERLAND,Fairfield Township,605,"27,811.76",43.46,"5,546.00",127.62,44,,
SALEM,Pilesgrove Township,1710,"22,489.81",35.14,"4,183.00",119.04,45,,
CAPE MAY,Dennis Township,504,"40,820.13",63.78,"6,285.00",98.54,45,,
HUNTERDON,Kingwood Township,1016,"22,804.97",35.63,"3,802.00",106.70,46,,
WARREN,Knowlton Township,2113,"16,257.58",25.40,"2,894.00",113.93,47,,
WARREN,Hope Township,2111,"11,706.23",18.29,"1,835.00",100.32,47,,
SALEM,Quinton Township,1712,"15,524.03",24.26,"2,580.00",106.36,49,,
HUNTERDON,Delaware Township,1007,"23,701.68",37.03,"4,560.00",123.13,50,,
OCEAN,Eagleswood Township,1509,"12,108.12",18.92,"1,722.00",91.02,51,,
SOMERSET,Franklin Township,1808,"29,997.87",46.87,"68,364.00","1,458.54",51,,
SUSSEX,Lafayette Township,1913,"11,499.29",17.97,"2,358.00",131.24,51,,
BURLINGTON,Shamong Township,332,"28,823.66",45.04,"6,460.00",143.44,52,,
HUNTERDON,Franklin Township,1010,"14,830.85",23.17,"3,267.00",140.98,54,,
HUNTERDON,West Amwell Township,1026,"13,984.16",21.85,"3,005.00",137.53,57,,
BURLINGTON,Tabernacle Township,335,"31,724.54",49.57,"6,776.00",136.70,58,,
MONMOUTH,Upper Freehold Township,1351,"30,311.22",47.36,"7,273.00",153.56,59,,
CUMBERLAND,Hopewell Township,607,"19,771.86",30.89,"4,391.00",142.13,59,,
HUNTERDON,East Amwell Township,1008,"18,272.18",28.55,"3,917.00",137.20,63,,
ATLANTIC,Port Republic,120,"5,475.51",8.56,"1,101.00",128.69,64,,
SUSSEX,Wantage Township,1924,"43,175.20",67.46,"10,811.00",160.25,64,,
HUNTERDON,Bethlehem Township,1002,"13,287.24",20.76,"3,745.00",180.38,67,,
CUMBERLAND,Deerfield Township,603,"10,802.13",16.88,"3,136.00",185.80,67,,
CUMBERLAND,Commercial Township,602,"21,688.36",33.89,"4,669.00",137.78,68,,
HUNTERDON,Alexandria Township,1001,"17,758.09",27.75,"4,809.00",173.32,68,,
SUSSEX,Stillwater Township,1920,"18,076.13",28.24,"4,004.00",141.76,69,,
GLOUCESTER,South Harrison Township,816,"10,201.92",15.94,"3,395.00",212.98,71,,
SUSSEX,Fredon Township,1907,"11,464.32",17.91,"3,235.00",180.60,72,,
SALEM,Pittsgrove Township,1711,"29,274.72",45.74,"8,777.00",191.88,74,,
WARREN,Blairstown Township,2104,"19,692.44",30.77,"5,704.00",185.38,75,,
HUNTERDON,Tewksbury Township,1024,"20,333.69",31.77,"5,870.00",184.76,75,,
SUSSEX,Frankford Township,1905,"22,584.42",35.29,"5,302.00",150.25,75,,
SUSSEX,Green Township,1908,"10,429.29",16.30,"3,627.00",222.57,77,,
MORRIS,Harding Township,1413,"13,162.05",20.57,"3,871.00",188.23,78,,
ATLANTIC,Buena Vista Township,105,"26,607.83",41.57,"7,033.00",169.17,78,,
HUNTERDON,Lebanon Township,1019,"20,272.03",31.68,"6,195.00",195.58,81,,
HUNTERDON,Holland Township,1015,"15,320.63",23.94,"5,177.00",216.26,81,,
GLOUCESTER,Elk Township,804,"12,351.97",19.30,"4,424.00",229.22,81,,
WARREN,White Township,2123,"17,799.34",27.81,"4,606.00",165.62,82,,
ATLANTIC,Folsom Borough,110,"5,445.93",8.51,"1,811.00",212.83,83,,
SUSSEX,Hampton Township,1910,"16,304.77",25.48,"4,893.00",192.06,87,,
BERGEN,Rockleigh Borough,255,646.62,1.01,407.00,402.83,89,,
OCEAN,Plumsted Township,1524,"25,285.43",39.51,"8,072.00",204.31,90,,
SOMERSET,Far Hills Borough,1807,"3,149.28",4.92,924.00,187.78,91,,
MORRIS,Chester Township,1407,"18,694.28",29.21,"7,713.00",264.06,93,,
BERGEN,Alpine Borough,202,"4,095.36",6.40,"1,762.00",275.36,93,,
GLOUCESTER,Logan Township,809,"16,832.64",26.30,"6,000.00",228.13,95,,
WARREN,Liberty Township,2114,"7,633.09",11.93,"2,670.00",223.87,97,,
MONMOUTH,Millstone Township,1333,"23,800.22",37.19,"10,376.00",279.02,99,,
CUMBERLAND,Upper Deerfield Township,613,"20,089.15",31.39,"7,645.00",243.55,101,,
ATLANTIC,Hamilton Township,112,"72,271.13",112.92,"27,484.00",243.39,104,,
CUMBERLAND,Shiloh Borough,611,770.33,1.20,444.00,368.88,105,,
CAPE MAY,Upper Township,511,"43,785.09",68.41,"12,539.00",183.28,105,,
BURLINGTON,Mansfield Township,318,"14,022.31",21.91,"8,897.00",406.07,106,,
CAMDEN,Waterford Township,435,"23,173.07",36.21,"10,421.00",287.81,108,,
WARREN,Franklin Township,2105,"15,035.40",23.49,"2,968.00",126.34,108,,
BURLINGTON,Southampton Township,333,"28,422.27",44.41,"10,317.00",232.31,109,,
MIDDLESEX,Cranbury Township,1202,"8,597.70",13.43,"3,842.00",285.99,109,,
WARREN,Pohatcong Township,2120,"8,783.03",13.72,"3,241.00",236.16,110,,
MERCER,Hopewell Township,1106,"37,716.68",58.93,"17,491.00",296.80,112,,
GLOUCESTER,Greenwich Township,807,"7,458.71",11.65,"4,917.00",421.91,113,,
SUSSEX,Andover Township,1902,"13,303.94",20.79,"5,996.00",288.44,114,,
MORRIS,Mendham Township,1419,"11,526.74",18.01,"6,016.00",334.03,118,,
MONMOUTH,Colts Neck Township,1310,"20,322.27",31.75,"9,957.00",313.57,121,,
BURLINGTON,Chesterfield Township,307,"13,735.93",21.46,"9,422.00",439.00,121,,
HUNTERDON,Union Township,1025,"13,168.28",20.58,"6,507.00",316.25,122,,
SUSSEX,Hardyston Township,1911,"20,845.45",32.57,"8,125.00",249.45,123,,
WARREN,Allamuchy Township,2101,"12,973.16",20.27,"5,335.00",263.19,125,,
WARREN,Independence Township,2112,"12,785.73",19.98,"5,469.00",273.76,126,,
BURLINGTON,Wrightstown Borough,340,"1,180.83",1.85,720.00,390.23,128,,
ATLANTIC,Weymouth Township,123,"7,786.63",12.17,"2,614.00",214.85,135,,
HUNTERDON,Readington Township,1022,"30,605.23",47.82,"16,128.00",337.26,136,,
PASSAIC,West Milford Township,1615,"51,930.06",81.14,"24,862.00",306.41,139,,
CAPE MAY,Woodbine Borough,516,"5,131.97",8.02,"2,128.00",265.38,143,,
GLOUCESTER,Washington Township,818,"13,791.66",21.55,"48,677.00","2,258.85",145,,
BERGEN,Washington Township,266,"1,920.87",3.00,"9,285.00","3,093.60",146,,
CAPE MAY,Middle Township,506,"52,749.52",82.42,"20,380.00",247.27,148,,
ATLANTIC,Hammonton,113,"26,438.83",41.31,"14,711.00",356.11,151,,
OCEAN,Lacey Township,1513,"63,787.78",99.67,"28,655.00",287.50,153,,
SUSSEX,Byram Township,1904,"14,536.16",22.71,"8,028.00",353.46,153,,
SUSSEX,Vernon Township,1922,"44,732.95",69.90,"22,358.00",319.88,154,,
HUNTERDON,Clinton Township,1006,"21,706.29",33.92,"13,505.00",398.19,161,,
ATLANTIC,Galloway Township,111,"71,200.59",111.25,"37,813.00",339.89,162,,
PASSAIC,Ringwood Borough,1611,"18,231.66",28.49,"11,735.00",411.94,166,,
WARREN,Greenwich Township,2107,"6,780.17",10.59,"5,473.00",516.61,166,,
SOMERSET,Bedminster Township,1801,"16,875.45",26.37,"8,272.00",313.71,166,,
WARREN,Mansfield Township,2116,"18,994.73",29.68,"7,781.00",262.17,166,,
ATLANTIC,Egg Harbor City,107,"7,312.77",11.43,"4,396.00",384.73,173,,
BURLINGTON,North Hanover Township,326,"11,202.71",17.50,"7,963.00",454.92,174,,
BURLINGTON,Pemberton Township,329,"40,164.47",62.76,"26,903.00",428.69,177,,
WARREN,Oxford Township,2117,"3,883.76",6.07,"2,444.00",402.74,179,,
SOMERSET,Peapack-Gladstone Borough,1815,"3,696.37",5.78,"2,558.00",442.90,179,,
MORRIS,Boonton Township,1402,"5,436.71",8.49,"4,380.00",515.61,188,,
MORRIS,Kinnelon Borough,1415,"12,309.87",19.23,"9,966.00",518.14,193,,
MONMOUTH,Roosevelt Borough,1340,"1,246.51",1.95,808.00,414.86,198,,
MONMOUTH,Ocean Township,1337,"7,030.43",10.99,"27,672.00","2,519.06",204,,
GLOUCESTER,Woolwich Township,824,"13,688.54",21.39,"12,577.00",588.03,205,,
SUSSEX,Sparta Township,1918,"24,828.05",38.79,"19,600.00",505.23,212,,
SOMERSET,Bernardsville Borough,1803,"8,264.63",12.91,"7,893.00",611.22,218,,
MORRIS,Jefferson Township,1414,"27,352.18",42.74,"20,538.00",480.56,220,,
OCEAN,Jackson Township,1512,"64,408.11",100.64,"58,544.00",581.73,222,,
GLOUCESTER,Harrison Township,808,"12,186.90",19.04,"13,641.00",716.36,229,,
SUSSEX,Andover Borough,1901,872.38,1.36,595.00,436.51,230,,
OCEAN,Little Egg Harbor Township,1517,"47,356.29",73.99,"20,784.00",280.89,230,,
ATLANTIC,Buena Borough,104,"4,845.79",7.57,"4,501.00",594.46,231,,
MORRIS,Rockaway Township,1435,"29,370.73",45.89,"25,341.00",552.19,239,,
SALEM,Carneys Point Township,1702,"11,334.94",17.71,"8,637.00",487.67,239,,
HUNTERDON,Raritan Township,1021,"24,094.24",37.65,"23,447.00",622.81,244,,
MORRIS,Long Hill Township,1430,"7,714.02",12.05,"8,629.00",715.91,257,,
CAMDEN,Winslow Township,436,"37,270.35",58.23,"39,907.00",685.28,266,,
SOMERSET,Montgomery Township,1813,"20,788.47",32.48,"23,690.00",729.33,266,,
ATLANTIC,Egg Harbor Township,108,"48,342.76",75.54,"47,842.00",633.37,273,,
SALEM,Pennsville Township,1709,"15,900.31",24.84,"12,684.00",510.54,276,,
CUMBERLAND,Millville,610,"28,483.18",44.50,"27,491.00",617.71,283,,
SOMERSET,Millstone Borough,1812,443.70,0.69,448.00,646.20,290,,
SOMERSET,Branchburg Township,1805,"12,969.97",20.27,"14,940.00",737.21,290,,
SOMERSET,Warren Township,1820,"12,563.47",19.63,"15,923.00",811.14,293,,
SOMERSET,Hillsborough Township,1810,"35,280.74",55.13,"43,276.00",785.04,295,,
MERCER,Robbinsville Township,1112,"13,167.99",20.57,"15,476.00",752.18,298,,
BURLINGTON,Westampton Township,337,"7,101.29",11.10,"9,121.00",822.03,302,,
ESSEX,Fairfield Township,707,"6,616.85",10.34,"7,872.00",761.40,302,,
GLOUCESTER,East Greenwich Township,803,"9,548.53",14.92,"11,706.00",784.61,303,,
BERGEN,Saddle River Borough,258,"3,175.31",4.96,"3,372.00",679.64,305,,
MORRIS,Mendham Borough,1418,"3,826.43",5.98,"4,981.00",833.11,309,,
GLOUCESTER,Monroe Township,811,"30,046.45",46.95,"37,117.00",790.61,313,,
OCEAN,Barnegat Township,1501,"25,776.04",40.28,"24,296.00",603.25,321,,
OCEAN,Manchester Township,1519,"52,756.04",82.43,"45,115.00",547.30,325,,
OCEAN,Stafford Township,1531,"34,991.88",54.67,"28,617.00",523.40,325,,
MONMOUTH,Howell Township,1321,"39,148.81",61.17,"53,537.00",875.22,326,,
CAMDEN,Chesilhurst Borough,410,"1,103.81",1.72,"1,536.00",890.59,327,,
CUMBERLAND,Vineland,614,"44,149.35",68.98,"60,780.00",881.08,338,,
HUNTERDON,Hampton Borough,1013,970.87,1.52,"1,438.00",947.93,341,,
MONMOUTH,Freehold Township,1317,"24,881.26",38.88,"35,369.00",909.77,344,,
MORRIS,Chester Borough,1406,"1,020.19",1.59,"1,681.00","1,054.55",346,,
MONMOUTH,Wall Township,1352,"20,288.02",31.70,"26,525.00",836.75,348,,
PASSAIC,Bloomingdale Borough,1601,"5,916.97",9.25,"7,777.00",841.19,355,,
MONMOUTH,Holmdel Township,1320,"11,560.99",18.06,"17,400.00",963.24,365,,
GLOUCESTER,Mantua Township,810,"10,274.66",16.05,"15,235.00",948.98,373,,
MORRIS,Mount Olive Township,1427,"19,991.96",31.24,"28,886.00",924.72,386,,
CAMDEN,Gibbsboro Borough,413,"1,407.45",2.20,"2,189.00",995.39,389,,
BURLINGTON,Lumberton Township,317,"8,326.84",13.01,"12,803.00",984.04,389,,
GLOUCESTER,Newfield Borough,813,"1,112.03",1.74,"1,774.00","1,020.98",391,,
BERGEN,Mahwah Township,233,"16,564.22",25.88,"25,487.00",984.75,396,,
BURLINGTON,Hainesport Township,316,"4,342.61",6.79,"6,035.00",889.42,400,,
SOMERSET,Watchung Borough,1821,"3,867.29",6.04,"6,449.00","1,067.25",405,,
MORRIS,Roxbury Township,1436,"14,039.79",21.94,"22,950.00","1,046.17",410,,
BERGEN,Franklin Lakes Borough,220,"6,323.15",9.88,"11,079.00","1,121.37",413,,
MIDDLESEX,South Brunswick Township,1221,"26,242.94",41.00,"47,043.00","1,147.26",422,,
SOMERSET,Bernards Township,1802,"15,567.64",24.32,"27,830.00","1,144.12",439,,
MORRIS,Chatham Township,1405,"5,982.59",9.35,"10,983.00","1,174.93",442,,
HUNTERDON,Califon Borough,1004,626.62,0.98,"1,005.00","1,026.46",443,,
MORRIS,Montville Township,1421,"12,231.87",19.11,"22,450.00","1,174.64",445,,
MORRIS,Randolph Township,1432,"13,541.69",21.16,"26,504.00","1,252.62",446,,
SUSSEX,Ogdensburg Borough,1916,"1,438.03",2.25,"2,258.00","1,004.93",447,,
MERCER,West Windsor Township,1113,"16,800.67",26.25,"29,518.00","1,124.45",453,,
HUNTERDON,Bloomsbury Borough,1003,632.32,0.99,792.00,801.62,456,,
HUNTERDON,Stockton Borough,1023,391.93,0.61,495.00,808.31,470,,
MONMOUTH,Marlboro Township,1330,"19,479.67",30.44,"41,502.00","1,363.54",480,,
HUNTERDON,Milford Borough,1020,816.69,1.28,"1,232.00",965.46,482,,
MONMOUTH,Rumson Borough,1341,"4,537.75",7.09,"7,343.00","1,035.65",482,,
MONMOUTH,Manalapan Township,1328,"19,759.26",30.87,"40,905.00","1,324.91",494,,
HUNTERDON,Glen Gardner Borough,1012,990.57,1.55,"1,682.00","1,086.73",499,,
MORRIS,Mine Hill Township,1420,"1,917.66",3.00,"4,015.00","1,339.96",504,,
BURLINGTON,Florence Township,315,"6,543.92",10.22,"12,812.00","1,253.02",511,,
BERGEN,Upper Saddle River Borough,263,"3,373.81",5.27,"8,353.00","1,584.54",512,,
GLOUCESTER,Clayton Borough,801,"4,637.85",7.25,"8,807.00","1,215.32",520,,
BURLINGTON,Eastampton Township,311,"3,722.84",5.82,"6,191.00","1,064.31",526,,
MORRIS,East Hanover Township,1410,"5,182.78",8.10,"11,105.00","1,371.31",527,,
SOMERSET,Bridgewater Township,1806,"20,711.23",32.36,"45,977.00","1,420.74",529,,
SOMERSET,Rocky Hill Borough,1817,397.34,0.62,743.00,"1,196.76",532,,
BURLINGTON,Bordentown Township,304,"5,927.45",9.26,"11,791.00","1,273.10",533,,
SUSSEX,Franklin Borough,1906,"2,832.70",4.43,"4,912.00","1,109.78",536,,
MIDDLESEX,Monroe Township,1212,"26,985.40",42.16,"48,594.00","1,152.48",539,,
SOMERSET,Green Brook Township,1809,"2,823.69",4.41,"7,281.00","1,650.26",541,,
MERCER,Princeton,1114,"11,783.55",18.41,"30,681.00","1,666.38",544,,
PASSAIC,Wanaque Borough,1613,"5,965.64",9.32,"11,317.00","1,214.10",546,,
SALEM,Elmer Borough,1703,581.07,0.91,"1,347.00","1,483.61",548,,
MORRIS,Morris Township,1422,"10,118.36",15.81,"22,974.00","1,453.14",549,,
OCEAN,Tuckerton Borough,1533,"2,357.78",3.68,"3,577.00",970.95,550,,
BERGEN,Oakland Borough,242,"5,611.72",8.77,"12,748.00","1,453.87",551,,
MORRIS,Mountain Lakes Borough,1425,"1,860.69",2.91,"4,472.00","1,538.18",558,,
MORRIS,Hanover Township,1412,"6,877.21",10.75,"14,677.00","1,365.86",558,,
CAPE MAY,Lower Township,505,"19,851.62",31.02,"22,057.00",711.10,564,,
MORRIS,Denville Township,1408,"8,151.50",12.74,"17,107.00","1,343.13",565,,
ESSEX,Essex Fells Borough,706,905.16,1.41,"2,244.00","1,586.63",566,,
WARREN,Lopatcong Township,2115,"4,724.47",7.38,"8,776.00","1,188.84",569,,
BURLINGTON,Moorestown Township,322,"9,578.59",14.97,"21,355.00","1,426.85",573,,
BERGEN,Moonachie Borough,237,"1,114.89",1.74,"3,133.00","1,798.49",579,,
GLOUCESTER,Franklin Township,805,"36,089.37",56.39,"16,380.00",290.48,581,,
MERCER,Lawrence Township,1107,"14,063.22",21.97,"33,077.00","1,505.29",581,,
OCEAN,Berkeley Township,1506,"34,655.96",54.15,"43,754.00",808.02,582,,
MONMOUTH,Tinton Falls Borough,1349,"9,989.35",15.61,"19,181.00","1,228.89",587,,
SUSSEX,Hopatcong Borough,1912,"7,948.49",12.42,"14,362.00","1,156.41",590,,
WARREN,Alpha Borough,2102,"1,097.86",1.72,"2,328.00","1,357.11",601,,
BERGEN,Old Tappan Borough,243,"2,664.02",4.16,"5,888.00","1,414.52",614,,
HUNTERDON,High Bridge Borough,1014,"1,555.43",2.43,"3,546.00","1,459.04",619,,
BERGEN,Haworth Borough,226,"1,501.86",2.35,"3,343.00","1,424.58",624,,
GLOUCESTER,West Deptford Township,820,"11,381.46",17.78,"22,197.00","1,248.18",628,,
MONMOUTH,Middletown Township,1332,"27,864.54",43.54,"67,106.00","1,541.31",628,,
HUNTERDON,Frenchtown Borough,1011,785.94,1.23,"1,370.00","1,115.61",633,,
SUSSEX,Branchville Borough,1903,383.43,0.60,791.00,"1,320.30",642,,
BERGEN,Woodcliff Lake Borough,268,"2,269.94",3.55,"6,128.00","1,727.76",653,,
UNION,Mountainside Borough,2010,"2,585.22",4.04,"7,020.00","1,737.88",654,,
MORRIS,Lincoln Park Borough,1416,"4,426.63",6.92,"10,915.00","1,578.08",673,,
MORRIS,Florham Park Borough,1411,"4,780.25",7.47,"12,585.00","1,684.93",673,,
ATLANTIC,Absecon,101,"4,627.12",7.23,"9,137.00","1,263.78",683,,
ESSEX,Roseland Borough,718,"2,332.09",3.64,"6,299.00","1,728.65",686,,
BURLINGTON,Evesham Township,313,"18,931.21",29.58,"46,826.00","1,583.03",688,,
MONMOUTH,Shrewsbury Borough,1344,"1,393.02",2.18,"4,184.00","1,922.27",694,,
BURLINGTON,Burlington Township,306,"9,006.70",14.07,"23,983.00","1,704.19",697,,
MIDDLESEX,Old Bridge Township,1215,"24,754.46",38.68,"66,876.00","1,729.01",697,,"**Note that the acreage/sq miles also includes park land and other similarly undeveloped land, so the density doesn't represent an apples to apples comparison for municipalities.  Might be better just to use population unless residential density by municipality dataset can be found."
BERGEN,Carlstadt Borough,205,"2,690.10",4.20,"6,372.00","1,515.96",701,,
GLOUCESTER,Deptford Township,802,"11,240.58",17.56,"31,977.00","1,820.66",721,,
BERGEN,Norwood Borough,241,"1,791.61",2.80,"5,641.00","2,015.08",731,,
ATLANTIC,Linwood,114,"2,790.82",4.36,"6,971.00","1,598.61",752,,
SUSSEX,Stanhope Borough,1919,"1,341.39",2.10,"3,526.00","1,682.31",755,,
ESSEX,North Caldwell Borough,715,"1,965.47",3.07,"6,694.00","2,179.71",759,,
BURLINGTON,Delanco Township,309,"2,132.05",3.33,"4,824.00","1,448.07",760,,
ESSEX,Livingston Township,710,"9,037.92",14.12,"31,330.00","2,218.56",774,,
ESSEX,West Caldwell Township,721,"3,268.70",5.11,"11,012.00","2,156.11",776,,
UNION,Berkeley Heights Township,2001,"4,003.74",6.26,"13,285.00","2,123.62",781,,
ESSEX,Millburn Township,712,"6,339.71",9.91,"21,710.00","2,191.65",782,,
MERCER,East Windsor Township,1101,"10,019.21",15.66,"30,045.00","1,919.19",784,,
CAMDEN,Berlin Township,406,"2,137.40",3.34,"5,867.00","1,756.75",784,,
MONMOUTH,Deal Borough,1311,770.84,1.20,900.00,747.24,793,,
BERGEN,Montvale Borough,236,"2,581.10",4.03,"8,436.00","2,091.76",797,,
MIDDLESEX,East Brunswick Township,1204,"14,339.94",22.41,"49,715.00","2,218.81",804,,
BERGEN,Allendale Borough,201,"1,994.19",3.12,"6,848.00","2,197.74",808,,
PASSAIC,Wayne Township,1614,"16,108.03",25.17,"54,838.00","2,178.81",818,,
CAMDEN,Berlin Borough,405,"2,314.09",3.62,"7,489.00","2,071.20",819,,
BERGEN,Demarest Borough,209,"1,330.31",2.08,"4,981.00","2,396.31",831,,
MONMOUTH,Oceanport Borough,1338,"2,621.23",4.10,"6,150.00","1,501.59",833,,
HUNTERDON,Clinton,1005,918.26,1.43,"2,773.00","1,932.70",842,,
BURLINGTON,Cinnaminson Township,308,"5,090.19",7.95,"17,064.00","2,145.49",849,,
BERGEN,Closter Borough,207,"2,109.45",3.30,"8,594.00","2,607.39",851,,
BERGEN,Paramus Borough,246,"6,720.33",10.50,"26,698.00","2,542.54",856,,
CAPE MAY,West Cape May Borough,512,756.54,1.18,"1,010.00",854.42,860,,
GLOUCESTER,Wenonah Borough,819,646.05,1.01,"2,283.00","2,261.62",868,,
MONMOUTH,Little Silver Borough,1325,"2,035.66",3.18,"6,131.00","1,927.56",871,,
WARREN,Belvidere,2103,950.98,1.49,"2,520.00","1,695.93",871,,
BERGEN,River Vale Township,253,"2,760.85",4.31,"9,909.00","2,297.03",873,,
PASSAIC,North Haledon Borough,1606,"2,257.09",3.53,"8,927.00","2,531.26",880,,
MORRIS,Washington Township,1438,"28,726.76",44.89,"18,197.00",405.41,884,,
HUNTERDON,Lebanon Borough,1018,576.88,0.90,"1,665.00","1,847.17",891,,
BERGEN,Ho-Ho-Kus Borough,228,"1,120.08",1.75,"4,258.00","2,432.97",901,,
MIDDLESEX,Plainsboro Township,1218,"7,751.16",12.11,"24,084.00","1,988.58",915,,
CAMDEN,Lawnside Borough,421,915.04,1.43,"2,955.00","2,066.80",920,,
BURLINGTON,Mount Laurel Township,324,"14,072.95",21.99,"44,633.00","2,029.79",920,,
GLOUCESTER,Glassboro Borough,806,"6,006.90",9.39,"23,149.00","2,466.39",920,,
OCEAN,South Toms River Borough,1530,789.69,1.23,"3,643.00","2,952.45",927,,
GLOUCESTER,Woodbury Heights Borough,823,802.29,1.25,"3,098.00","2,471.33",930,,
BURLINGTON,Fieldsboro Borough,314,226.36,0.35,526.00,"1,487.18",937,,
MERCER,Hamilton Township,1103,"25,762.33",40.25,"92,297.00","2,292.89",940,,
BURLINGTON,Pemberton Borough,328,402.90,0.63,"1,371.00","2,177.79",940,,
BERGEN,Wyckoff Township,270,"4,254.91",6.65,"16,585.00","2,494.63",951,,
MORRIS,Pequannock Township,1431,"4,548.70",7.11,"15,571.00","2,190.83",957,,
ATLANTIC,Northfield,118,"2,314.98",3.62,"8,434.00","2,331.67",958,,
BERGEN,Ramsey Borough,248,"3,566.27",5.57,"14,798.00","2,655.64",958,,
MIDDLESEX,Piscataway Township,1217,"12,131.41",18.96,"60,804.00","3,207.75",965,,
BERGEN,Englewood Cliffs Borough,216,"1,332.37",2.08,"5,342.00","2,566.02",966,,
MERCER,Ewing Township,1102,"9,962.49",15.57,"37,264.00","2,393.87",974,,
CAMDEN,Pine Hill Borough,428,"3,151.64",4.92,"10,764.00","2,185.83",979,,
MORRIS,Parsippany-Troy Hills Township,1429,"16,224.49",25.35,"56,162.00","2,215.40",984,,
MORRIS,Morris Plains Borough,1423,"1,656.86",2.59,"6,153.00","2,376.74",997,,
PASSAIC,Totowa Borough,1612,"2,610.51",4.08,"11,065.00","2,712.73","1,001",,
SALEM,Woodstown Borough,1715,"1,034.31",1.62,"3,678.00","2,275.84","1,003",,
UNION,Scotch Plains Township,2016,"5,795.69",9.06,"24,968.00","2,757.14","1,004",,
MIDDLESEX,South Plainfield Borough,1222,"5,330.62",8.33,"24,338.00","2,922.05","1,017",,
MORRIS,Riverdale Borough,1433,"1,322.67",2.07,"4,107.00","1,987.25","1,019",,
BERGEN,Harrington Park Borough,224,"1,319.03",2.06,"4,741.00","2,300.36","1,032",,
MONMOUTH,West Long Branch Borough,1353,"1,850.28",2.89,"8,587.00","2,970.19","1,045",,
OCEAN,Mantoloking Borough,1520,404.30,0.63,331.00,523.97,"1,060",,
WARREN,Hackettstown,2108,"2,374.32",3.71,"10,248.00","2,762.36","1,062",,
BURLINGTON,Delran Township,310,"4,639.50",7.25,"17,882.00","2,466.75","1,071",,
MONMOUTH,Eatontown Borough,1312,"3,769.61",5.89,"13,597.00","2,308.48","1,072",,
MONMOUTH,Sea Girt Borough,1343,714.87,1.12,"1,866.00","1,670.56","1,080",,
OCEAN,Ocean Township,1521,"20,241.98",31.63,"8,835.00",279.34,"1,085",,
CAMDEN,Voorhees Township,434,"7,440.75",11.63,"31,069.00","2,672.33","1,103",,
MIDDLESEX,Sayreville Borough,1219,"11,251.64",17.58,"45,345.00","2,579.25","1,103",,
SUSSEX,Newton,1915,"2,163.85",3.38,"8,374.00","2,476.77","1,116",,
BURLINGTON,Washington Township,336,"67,067.15",104.79,693.00,6.61,"1,121",,
MONMOUTH,Allenhurst Borough,1302,166.78,0.26,472.00,"1,811.21","1,123",,
OCEAN,Toms River Township,1508,"33,716.31",52.68,"95,438.00","1,811.60","1,132",,
GLOUCESTER,National Park Borough,812,926.58,1.45,"3,026.00","2,090.08","1,140",,
BERGEN,Oradell Borough,244,"1,637.15",2.56,"8,244.00","3,222.77","1,145",,
CAMDEN,Gloucester Township,415,"14,901.73",23.28,"66,034.00","2,836.03","1,147",,
MONMOUTH,Brielle Borough,1309,"1,442.05",2.25,"4,982.00","2,211.07","1,163",,
MERCER,Hopewell Borough,1105,463.74,0.72,"1,918.00","2,646.99","1,166",,
BERGEN,East Rutherford Borough,212,"2,588.81",4.05,"10,022.00","2,477.61","1,169",,
BERGEN,Tenafly Borough,261,"2,915.81",4.56,"15,409.00","3,382.16","1,177",,
OCEAN,Lakehurst Borough,1514,631.52,0.99,"2,636.00","2,671.41","1,188",,
MONMOUTH,Farmingdale Borough,1315,336.80,0.53,"1,504.00","2,857.96","1,188",,
BERGEN,Hillsdale Borough,227,"1,877.97",2.93,"10,143.00","3,456.67","1,200",,
BERGEN,Emerson Borough,214,"1,547.58",2.42,"7,290.00","3,014.77","1,200",,
MONMOUTH,Allentown Borough,1303,396.12,0.62,"1,734.00","2,801.60","1,202",,
ESSEX,Cedar Grove Township,704,"2,789.50",4.36,"12,980.00","2,978.02","1,208",,
CUMBERLAND,Bridgeton,601,"4,157.10",6.50,"27,263.00","4,197.23","1,239",,
CAMDEN,Cherry Hill Township,409,"15,474.22",24.18,"74,553.00","3,083.45","1,250",,
MONMOUTH,Union Beach Borough,1350,"1,203.09",1.88,"5,723.00","3,044.42","1,252",,
SALEM,Salem,1713,"1,761.36",2.75,"5,296.00","1,924.34","1,256",,
MIDDLESEX,Helmetta Borough,1206,561.36,0.88,"2,455.00","2,798.94","1,260",,
CAPE MAY,Avalon Borough,501,"3,179.43",4.97,"1,243.00",250.21,"1,262",,
MIDDLESEX,Edison Township,1205,"19,614.91",30.65,"107,588.00","3,510.41","1,264",,
MONMOUTH,Interlaken Borough,1322,254.60,0.40,828.00,"2,081.39","1,267",,
MERCER,Pennington Borough,1108,623.79,0.97,"2,802.00","2,874.81","1,268",,
CAMDEN,Clementon Borough,411,"1,248.65",1.95,"5,338.00","2,736.00","1,272",,
ATLANTIC,Pleasantville,119,"4,648.04",7.26,"20,629.00","2,840.46","1,291",,
BERGEN,Northvale Borough,240,807.06,1.26,"4,761.00","3,775.48","1,298",,
MORRIS,Rockaway Borough,1434,"1,356.80",2.12,"6,598.00","3,112.26","1,301",,
MONMOUTH,Fair Haven Borough,1314,"1,335.93",2.09,"6,269.00","3,003.28","1,301",,
OCEAN,Brick Township,1507,"20,747.28",32.42,"73,620.00","2,270.99","1,302",,
MORRIS,Chatham Borough,1404,"1,524.74",2.38,"9,212.00","3,866.68","1,306",,
CAMDEN,Pennsauken Township,427,"7,751.50",12.11,"37,074.00","3,061.00","1,312",,
BERGEN,Park Ridge Borough,247,"1,681.84",2.63,"8,883.00","3,380.29","1,312",,
UNION,Springfield Township,2017,"3,310.26",5.17,"17,178.00","3,321.17","1,316",,
MIDDLESEX,North Brunswick Township,1214,"7,860.00",12.28,"43,905.00","3,574.96","1,316",,
MORRIS,Madison Borough,1417,"2,767.51",4.32,"16,937.00","3,916.77","1,330",,
MONMOUTH,Englishtown Borough,1313,378.34,0.59,"2,346.00","3,968.53","1,337",,
OCEAN,Lakewood Township,1515,"16,059.95",25.09,"135,158.00","5,386.14","1,355",,
BURLINGTON,Mount Holly Township,323,"1,837.26",2.87,"9,981.00","3,476.83","1,355",,
BURLINGTON,Burlington,305,"2,418.18",3.78,"9,743.00","2,578.60","1,356",,
BURLINGTON,Edgewater Park Township,312,"1,973.19",3.08,"8,930.00","2,896.42","1,384",,
BERGEN,South Hackensack Township,259,476.30,0.74,"2,701.00","3,629.31","1,386",,
BERGEN,Glen Rock Borough,222,"1,738.77",2.72,"12,133.00","4,465.86","1,391",,
MORRIS,Wharton Borough,1439,"1,362.67",2.13,"7,241.00","3,400.85","1,392",,
MONMOUTH,Hazlet Township,1318,"3,628.54",5.67,"20,125.00","3,549.64","1,393",,
GLOUCESTER,Swedesboro Borough,817,494.46,0.77,"2,711.00","3,508.95","1,406",,
UNION,Clark Township,2002,"2,850.36",4.45,"15,544.00","3,490.14","1,415",,
SUSSEX,Hamburg Borough,1909,747.23,1.17,"3,266.00","2,797.34","1,432",,
ATLANTIC,Somers Point,121,"3,184.55",4.98,"10,469.00","2,103.96","1,433",,
MIDDLESEX,Spotswood Borough,1224,"1,549.92",2.42,"8,163.00","3,370.71","1,433",,
UNION,Summit,2018,"3,860.53",6.03,"22,719.00","3,766.36","1,434",,
GLOUCESTER,Paulsboro Borough,814,"1,685.61",2.63,"6,196.00","2,352.52","1,435",,
ATLANTIC,Brigantine,103,"6,851.17",10.70,"7,716.00",720.79,"1,437",,
MORRIS,Mount Arlington Borough,1426,"1,794.68",2.80,"5,909.00","2,107.20","1,438",,
CAMDEN,Laurel Springs Borough,420,295.19,0.46,"1,978.00","4,288.49","1,438",,
UNION,Kenilworth Borough,2008,"1,376.32",2.15,"8,427.00","3,918.64","1,456",,
PASSAIC,Pompton Lakes Borough,1609,"2,000.99",3.13,"11,127.00","3,558.87","1,460",,
UNION,New Providence Borough,2011,"2,373.72",3.71,"13,650.00","3,680.29","1,486",,
OCEAN,Island Heights Borough,1511,576.74,0.90,"1,650.00","1,830.99","1,490",,
OCEAN,Beachwood Borough,1505,"1,774.87",2.77,"10,859.00","3,915.64","1,493",,
BURLINGTON,Willingboro Township,338,"5,193.97",8.12,"31,889.00","3,929.36","1,494",,
BURLINGTON,Riverton Borough,331,594.50,0.93,"2,764.00","2,975.52","1,499",,
MONMOUTH,Aberdeen Township,1301,"3,612.93",5.65,"19,329.00","3,423.97","1,501",,
UNION,Linden,2009,"7,082.03",11.07,"43,738.00","3,952.58","1,509",,
ESSEX,West Orange Township,722,"7,759.26",12.12,"48,843.00","4,028.67","1,523",,
BERGEN,Cresskill Borough,208,"1,326.55",2.07,"9,155.00","4,416.86","1,524",,
MONMOUTH,Spring Lake Borough,1347,945.86,1.48,"2,789.00","1,887.14","1,532",,
OCEAN,Long Beach Township,1518,"15,071.75",23.55,"3,153.00",133.89,"1,558",,
CAPE MAY,Cape May,502,"1,844.82",2.88,"2,768.00",960.27,"1,559",,
WARREN,Washington Borough,2121,"1,261.99",1.97,"7,299.00","3,701.58","1,562",,
HUDSON,Secaucus,909,"4,199.74",6.56,"22,181.00","3,380.17","1,571",,
CAMDEN,Haddonfield Borough,417,"1,818.95",2.84,"12,550.00","4,415.74","1,581",,
OCEAN,Barnegat Light Borough,1502,812.61,1.27,640.00,504.06,"1,591",,
MIDDLESEX,Woodbridge Township,1225,"15,367.97",24.01,"103,639.00","4,316.05","1,594",,
MONMOUTH,Neptune Township,1335,"5,635.28",8.81,"28,061.00","3,186.90","1,602",,
MONMOUTH,Atlantic Highlands Borough,1305,791.22,1.24,"4,414.00","3,570.41","1,603",,
BERGEN,Ridgewood Village,251,"3,712.27",5.80,"25,979.00","4,478.81","1,608",,
CAMDEN,Stratford Borough,432,"1,007.26",1.57,"6,981.00","4,435.64","1,609",,
MONMOUTH,Sea Bright Borough,1342,781.64,1.22,"1,449.00","1,186.42","1,621",,
CAMDEN,Somerdale Borough,431,889.43,1.39,"5,566.00","4,005.09","1,624",,
SOMERSET,Raritan Borough,1816,"1,297.84",2.03,"7,835.00","3,863.65","1,629",,
MIDDLESEX,Middlesex Borough,1210,"2,245.78",3.51,"14,636.00","4,170.95","1,629",,
MORRIS,Boonton,1401,"1,590.05",2.48,"8,815.00","3,548.06","1,633",,
CAMDEN,Runnemede Borough,430,"1,347.46",2.11,"8,324.00","3,953.62","1,637",,
MIDDLESEX,Milltown Borough,1211,"1,021.23",1.60,"7,037.00","4,410.04","1,645",,
UNION,Westfield,2020,"4,314.41",6.74,"31,032.00","4,603.29","1,656",,
MONMOUTH,Matawan Borough,1331,"1,542.15",2.41,"9,565.00","3,969.53","1,675",,
BERGEN,Ridgefield Borough,249,"1,826.67",2.85,"11,501.00","4,029.55","1,677",,
SUSSEX,Sussex Borough,1921,399.09,0.62,"2,024.00","3,245.79","1,705",,
CAMDEN,Bellmawr Borough,404,"1,983.07",3.10,"11,707.00","3,778.23","1,706",,
MERCER,Hightstown Borough,1104,809.74,1.27,"5,900.00","4,663.22","1,730",,
GLOUCESTER,Pitman Borough,815,"1,448.96",2.26,"8,780.00","3,878.10","1,736",,
BERGEN,Waldwick Borough,264,"1,323.78",2.07,"10,058.00","4,862.69","1,743",,
HUDSON,Kearny,907,"6,520.62",10.19,"41,999.00","4,122.21","1,743",,
OCEAN,Bay Head Borough,1503,476.99,0.75,930.00,"1,247.82","1,748",,
OCEAN,Pine Beach Borough,1523,416.46,0.65,"2,139.00","3,287.11","1,775",,
MORRIS,Butler Borough,1403,"1,318.47",2.06,"8,047.00","3,906.11","1,786",,
ATLANTIC,Atlantic City,102,"10,179.23",15.91,"38,497.00","2,420.43","1,859",,
HUNTERDON,Flemington Borough,1009,690.30,1.08,"4,876.00","4,520.68","1,871",,
MONMOUTH,Monmouth Beach Borough,1334,"1,261.93",1.97,"3,174.00","1,609.72","1,884",,
BURLINGTON,Beverly,302,487.02,0.76,"2,499.00","3,283.97","1,886",,
MONMOUTH,Loch Arbour Village,1326,73.96,0.12,224.00,"1,938.37","1,890",,
SOMERSET,Manville Borough,1811,"1,567.60",2.45,"10,953.00","4,471.75","1,891",,
BURLINGTON,Palmyra Borough,327,"1,660.12",2.59,"7,438.00","2,867.45","1,892",,
PASSAIC,Woodland Park Borough,1616,"1,965.45",3.07,"13,484.00","4,390.73","1,906",,
CAMDEN,Magnolia Borough,423,626.27,0.98,"4,352.00","4,447.38","1,910",,
BERGEN,Westwood Borough,267,"1,472.95",2.30,"11,282.00","4,902.04","1,932",,
CAMDEN,Brooklawn Borough,407,339.79,0.53,"1,815.00","3,418.60","1,934",,
BERGEN,Midland Park Borough,235,"1,011.98",1.58,"7,014.00","4,435.82","1,945",,
ESSEX,Glen Ridge Borough,708,815.79,1.27,"7,802.00","6,120.79","1,964",,
CAMDEN,Gloucester City,414,"1,772.65",2.77,"11,484.00","4,146.20","1,973",,
MIDDLESEX,Carteret Borough,1201,"2,883.94",4.51,"25,326.00","5,620.30","1,978",,
UNION,Cranford Township,2003,"3,117.17",4.87,"23,847.00","4,896.13","2,004",,
MIDDLESEX,Metuchen Borough,1209,"1,813.90",2.83,"15,049.00","5,309.76","2,008",,
BERGEN,Saddle Brook Township,257,"1,757.97",2.75,"14,294.00","5,203.82","2,021",,
OCEAN,Harvey Cedars Borough,1510,847.65,1.32,391.00,295.21,"2,040",,
OCEAN,Point Pleasant Beach Borough,1526,"1,196.23",1.87,"4,766.00","2,549.88","2,040",,
SALEM,Penns Grove Borough,1708,571.11,0.89,"4,837.00","5,420.49","2,042",,
CAMDEN,Haddon Heights Borough,418,"1,005.93",1.57,"7,495.00","4,768.52","2,053",,
PASSAIC,Little Falls Township,1605,"1,840.50",2.88,"13,360.00","4,645.69","2,053",,
MIDDLESEX,South River Borough,1223,"1,872.99",2.93,"16,118.00","5,507.50","2,068",,
GLOUCESTER,Westville Borough,821,873.98,1.37,"4,264.00","3,122.46","2,099",,
MONMOUTH,Spring Lake Heights Borough,1348,837.15,1.31,"4,890.00","3,738.41","2,110",,
HUNTERDON,Lambertville,1017,782.86,1.22,"4,139.00","3,383.71","2,125",,
BERGEN,Lyndhurst Township,232,"3,178.22",4.97,"22,519.00","4,534.66","2,139",,
UNION,Fanwood Borough,2005,857.34,1.34,"7,774.00","5,803.26","2,141",,
ESSEX,Verona Township,720,"1,802.80",2.82,"14,572.00","5,173.12","2,142",,
ESSEX,South Orange Village,719,"1,819.65",2.84,"18,484.00","6,501.11","2,182",,
CAPE MAY,Cape May Point Borough,503,192.05,0.30,305.00,"1,016.40","2,183",,
CAMDEN,Barrington Borough,403,"1,011.94",1.58,"7,075.00","4,474.59","2,184",,
WARREN,Phillipsburg,2119,"2,126.95",3.32,"15,249.00","4,588.44","2,193",,
BURLINGTON,Riverside Township,330,"1,047.19",1.64,"8,003.00","4,891.10","2,218",,
CAMDEN,Mount Ephraim Borough,425,582.15,0.91,"4,651.00","5,113.20","2,229",,
BURLINGTON,Bordentown,303,617.54,0.96,"3,993.00","4,138.26","2,240",,
CAPE MAY,Stone Harbor Borough,510,"1,841.26",2.88,796.00,276.68,"2,268",,
GLOUCESTER,Woodbury,822,"1,347.13",2.10,"9,963.00","4,733.26","2,296",,
CAMDEN,Audubon Borough,401,955.38,1.49,"8,707.00","5,832.76","2,301",,
ESSEX,Maplewood Township,711,"2,474.69",3.87,"25,684.00","6,642.36","2,303",,
BERGEN,Teaneck Township,260,"3,993.02",6.24,"41,246.00","6,610.89","2,309",,
MONMOUTH,Freehold Borough,1316,"1,235.59",1.93,"12,538.00","6,494.35","2,335",,
CAMDEN,Hi-Nella Borough,419,144.57,0.23,927.00,"4,103.80","2,360",,
BERGEN,Leonia Borough,229,"1,042.29",1.63,"9,304.00","5,712.99","2,377",,
BERGEN,Rochelle Park Township,254,656.17,1.03,"5,814.00","5,670.70","2,377",,
MIDDLESEX,Jamesburg Borough,1208,570.31,0.89,"5,783.00","6,489.69","2,378",,
MONMOUTH,Manasquan Borough,1329,"1,002.62",1.57,"5,938.00","3,790.38","2,409",,
UNION,Union Township,2019,"5,814.18",9.08,"59,728.00","6,574.61","2,410",,
BERGEN,Fair Lawn Borough,217,"3,340.07",5.22,"34,927.00","6,692.46","2,430",,
PASSAIC,Hawthorne Borough,1604,"2,152.60",3.36,"19,637.00","5,838.36","2,434",,
OCEAN,Point Pleasant Borough,1525,"2,693.61",4.21,"18,941.00","4,500.37","2,435",,
MORRIS,Dover,1409,"1,744.17",2.73,"18,460.00","6,773.67","2,452",,
BERGEN,Englewood,215,"3,165.65",4.95,"29,308.00","5,925.19","2,459",,
CAMDEN,Lindenwold Borough,422,"2,524.06",3.94,"21,641.00","5,487.28","2,462",,
OCEAN,Ocean Gate Borough,1522,347.27,0.54,"1,932.00","3,560.57","2,462",,
MORRIS,Netcong Borough,1428,611.96,0.96,"3,375.00","3,529.67","2,466",,
BURLINGTON,Maple Shade Township,319,"2,450.96",3.83,"19,980.00","5,217.22","2,474",,
MIDDLESEX,Dunellen Borough,1203,679.77,1.06,"7,637.00","7,190.17","2,477",,
BERGEN,River Edge Borough,252,"1,203.92",1.88,"12,049.00","6,405.20","2,488",,
SOMERSET,Somerville Borough,1818,"1,500.93",2.35,"12,346.00","5,264.35","2,490",,
MONMOUTH,Neptune City Borough,1336,571.43,0.89,"4,626.00","5,181.14","2,534",,
MONMOUTH,Keyport Borough,1324,927.84,1.45,"7,204.00","4,969.12","2,537",,
BERGEN,Rutherford Borough,256,"1,849.68",2.89,"18,834.00","6,516.66","2,558",,
ESSEX,Montclair Township,713,"3,996.11",6.24,"40,921.00","6,553.74","2,589",,
OCEAN,Beach Haven Borough,1504,"1,492.27",2.33,"1,027.00",440.46,"2,671",,
UNION,Hillside Township,2007,"1,780.28",2.78,"22,456.00","8,072.82","2,696",,
CAMDEN,Haddon Township,416,"1,808.49",2.83,"15,407.00","5,452.33","2,721",,
CAMDEN,Merchantville Borough,424,382.23,0.60,"3,820.00","6,396.10","2,723",,
CAMDEN,Audubon Park Borough,402,105.25,0.16,991.00,"6,026.19","2,725",,
PASSAIC,Haledon Borough,1603,778.50,1.22,"9,052.00","7,441.59","2,765",,
BERGEN,North Arlington Borough,239,"1,619.49",2.53,"16,457.00","6,503.57","2,794",,
BERGEN,New Milford Borough,238,"1,485.05",2.32,"16,923.00","7,293.16","2,795",,
SOMERSET,Bound Brook Borough,1804,"1,084.71",1.69,"11,988.00","7,073.17","2,814",,
UNION,Plainfield,2012,"3,819.07",5.97,"54,586.00","9,147.54","2,858",,
CAPE MAY,West Wildwood Borough,513,232.84,0.36,540.00,"1,484.28","2,890",,
SOMERSET,North Plainfield Borough,1814,"1,805.08",2.82,"22,808.00","8,086.67","2,896",,
MIDDLESEX,South Amboy,1220,"1,263.86",1.97,"9,411.00","4,765.59","2,907",,
BERGEN,Elmwood Park Borough,211,"1,750.95",2.74,"21,422.00","7,830.07","2,908",,
MONMOUTH,Long Branch,1327,"3,505.48",5.48,"31,667.00","5,781.48","2,968",,
UNION,Garwood Borough,2006,415.77,0.65,"4,454.00","6,856.07","2,990",,
BERGEN,Maywood Borough,234,824.49,1.29,"10,080.00","7,824.51","3,006",,
PASSAIC,Clifton,1602,"7,313.46",11.43,"90,296.00","7,901.79","3,015",,
OCEAN,Ship Bottom Borough,1529,627.33,0.98,"1,098.00","1,120.18","3,020",,
BERGEN,Hasbrouck Heights Borough,225,979.31,1.53,"12,125.00","7,923.96","3,029",,
CAMDEN,Oaklyn Borough,426,449.04,0.70,"3,930.00","5,601.28","3,048",,
CAPE MAY,Sea Isle City,509,"1,764.70",2.76,"2,104.00",763.05,"3,054",,
CAPE MAY,Ocean City,508,"7,552.87",11.80,"11,229.00",951.50,"3,074",,
BERGEN,Little Ferry Borough,230,"1,070.24",1.67,"10,987.00","6,570.22","3,115",,
SOMERSET,South Bound Brook Borough,1819,473.26,0.74,"4,863.00","6,576.37","3,117",,
MONMOUTH,Avon-by-the-Sea Borough,1306,318.09,0.50,"1,933.00","3,889.27","3,135",,
CAMDEN,Camden,408,"6,700.16",10.47,"71,791.00","6,857.49","3,137",,
BERGEN,Ridgefield Park Village,250,"1,229.83",1.92,"13,224.00","6,881.73","3,170",,
MORRIS,Morristown,1424,"1,923.61",3.01,"20,180.00","6,714.05","3,213",,
ESSEX,Caldwell Borough,703,757.98,1.18,"9,027.00","7,621.95","3,228",,
UNION,Roselle Borough,2014,"1,692.80",2.65,"22,695.00","8,580.33","3,242",,
MIDDLESEX,New Brunswick,1213,"3,686.22",5.76,"55,266.00","9,595.27","3,283",,
UNION,Rahway,2013,"2,586.85",4.04,"29,556.00","7,312.29","3,285",,
BERGEN,Bergenfield Borough,203,"1,860.23",2.91,"28,321.00","9,743.64","3,337",,
ESSEX,Nutley Township,716,"2,189.41",3.42,"30,143.00","8,811.30","3,519",,
BERGEN,Wood-Ridge Borough,269,708.95,1.11,"10,137.00","9,151.05","3,535",,
BERGEN,Dumont Borough,210,"1,252.16",1.96,"17,863.00","9,130.07","3,569",,
MONMOUTH,Red Bank Borough,1339,"1,382.60",2.16,"12,936.00","5,988.04","3,638",,
OCEAN,Surf City Borough,1532,829.50,1.30,"1,243.00",959.04,"3,650",,
MONMOUTH,Keansburg Borough,1323,776.32,1.21,"9,755.00","8,042.02","3,707",,
OCEAN,Lavallette Borough,1516,670.02,1.05,"1,787.00","1,706.94","3,725",,
MIDDLESEX,Highland Park Borough,1207,"1,169.52",1.83,"15,072.00","8,247.90","3,810",,
MONMOUTH,Lake Como Borough,1346,161.34,0.25,"1,697.00","6,731.42","3,820",,
MONMOUTH,Belmar Borough,1307,951.20,1.49,"5,907.00","3,974.45","3,835",,
UNION,Winfield Township,2021,114.92,0.18,"1,423.00","7,924.48","3,845",,
CAMDEN,Collingswood Borough,412,"1,237.88",1.93,"14,186.00","7,334.37","3,894",,
OCEAN,Seaside Park Borough,1528,693.92,1.08,"1,436.00","1,324.42","3,900",,
ATLANTIC,Ventnor City,122,"1,631.57",2.55,"9,210.00","3,612.72","3,907",,
ATLANTIC,Longport Borough,115,380.18,0.59,893.00,"1,503.28","3,945",,
UNION,Elizabeth,2004,"8,904.03",13.91,"137,298.00","9,868.64","3,979",,
BERGEN,Bogota Borough,204,511.59,0.80,"8,778.00","10,981.39","4,004",,
ESSEX,Bloomfield Township,702,"3,432.85",5.36,"53,105.00","9,900.58","4,097",,
MIDDLESEX,Perth Amboy,1216,"3,311.80",5.17,"55,436.00","10,712.93","4,188",,
MONMOUTH,Highlands Borough,1319,547.83,0.86,"4,621.00","5,398.46","4,280",,
BERGEN,Lodi Borough,231,"1,465.99",2.29,"26,206.00","11,440.60","4,289",,
CAPE MAY,Wildwood Crest Borough,515,947.72,1.48,"3,101.00","2,094.11","4,349",,
PASSAIC,Prospect Park Borough,1610,300.75,0.47,"6,372.00","13,559.83","4,352",,
CAPE MAY,Wildwood,514,"1,057.70",1.65,"5,157.00","3,120.44","4,413",,
UNION,Roselle Park Borough,2015,783.62,1.22,"13,967.00","11,407.13","4,478",,
ESSEX,Belleville Township,701,"2,156.04",3.37,"38,222.00","11,345.84","4,601",,
OCEAN,Seaside Heights Borough,1527,474.84,0.74,"2,440.00","3,288.71","4,678",,
MERCER,Trenton,1111,"5,268.33",8.23,"90,871.00","11,039.06","4,720",,
MONMOUTH,Bradley Beach Borough,1308,413.32,0.65,"4,282.00","6,630.37","4,727",,
HUDSON,North Bergen Township,908,"3,376.82",5.28,"63,361.00","12,008.64","4,907",,
CAPE MAY,North Wildwood,507,"1,417.58",2.21,"3,621.00","1,634.79","4,957",,
ATLANTIC,Margate City,116,"1,044.58",1.63,"5,317.00","3,257.66","4,957",,
ESSEX,Newark,714,"16,777.68",26.22,"311,549.00","11,884.32","5,046",,
BERGEN,Hackensack,223,"2,779.45",4.34,"46,030.00","10,598.95","5,096",,
BERGEN,Wallington Borough,265,670.46,1.05,"11,868.00","11,328.85","5,153",,
HUDSON,Bayonne,901,"4,920.09",7.69,"71,686.00","9,324.83","5,200",,
MONMOUTH,Shrewsbury Township,1345,62.75,0.10,"1,076.00","10,974.55","5,250",,
CAMDEN,Woodlynne Borough,437,141.72,0.22,"2,902.00","13,104.89","5,365",,
BERGEN,Garfield,221,"1,402.44",2.19,"32,655.00","14,902.04","5,826",,
ESSEX,City of Orange Township,717,"1,417.70",2.22,"34,447.00","15,550.58","6,116",,
PASSAIC,Paterson,1608,"5,563.14",8.69,"159,732.00","18,376.05","6,254",,
MONMOUTH,Asbury Park,1304,976.46,1.53,"15,188.00","9,954.61","6,322",,
BERGEN,Palisades Park Borough,245,820.86,1.28,"20,292.00","15,821.10","6,343",,
PASSAIC,Passaic,1607,"2,073.05",3.24,"70,537.00","21,776.42","6,780",,
BERGEN,Fairview Borough,218,541.43,0.85,"15,025.00","17,760.33","7,155",,
MORRIS,Victory Gardens Borough,1437,92.87,0.15,"1,582.00","10,901.77","7,350",,
BERGEN,Edgewater Borough,213,621.04,0.97,"14,336.00","14,773.78","7,601",,
ESSEX,East Orange,705,"2,513.94",3.93,"69,612.00","17,721.89","7,679",,
BERGEN,Fort Lee Borough,219,"1,606.18",2.51,"40,191.00","16,014.50","7,906",,
HUDSON,Harrison,904,848.11,1.33,"19,450.00","14,677.28","8,021",,
ESSEX,Irvington Township,709,"1,865.24",2.91,"61,176.00","20,990.63","8,337",,
HUDSON,East Newark Borough,902,72.24,0.11,"2,594.00","22,979.86","8,600",,
BURLINGTON,Medford Township,320,"25,473.29",39.80,"24,497.00",615.47,"8,715",,
HUDSON,Jersey City,906,"10,150.26",15.86,"292,449.00","18,439.65","9,023",,
BERGEN,Cliffside Park Borough,206,611.51,0.96,"25,693.00","26,889.96","11,223",,
HUDSON,Weehawken Township,911,511.23,0.80,"17,197.00","21,528.83","11,749",,
HUDSON,Union City,910,823.83,1.29,"68,589.00","53,283.95","21,109",,
HUDSON,West New York,912,636.21,0.99,"52,912.00","53,227.05","22,165",,
HUDSON,Hoboken,905,798.19,1.25,"60,419.00","48,444.65","23,065",,
HUDSON,Guttenberg,903,123.53,0.19,"12,017.00","62,261.64","26,430",,